,,A,B,C
ACA,C>A,0.0022515,0.0011324,0.021367
ACC,C>A,0.0018159,2.44E-05,0.016562
ACG,C>A,0,0,0
ACT,C>A,0.0014927,7.10E-05,0.019203
CCA,C>A,0.0047203,0.0022995,0.013657
CCC,C>A,0.0037812,0.00034445,0.011897
CCG,C>A,0.0017563,0.00042209,0.0063143
CCT,C>A,0.0041014,0.00024306,0.020085
GCA,C>A,0.0023247,1.44E-05,0.011001
GCC,C>A,0.0014361,2.38E-05,0.010531
GCG,C>A,0,0,0
GCT,C>A,0.0027181,0.00026574,0.010843
TCA,C>A,0.0039446,3.97E-05,0.016281
TCC,C>A,0.0011136,0.00020829,0.016398
TCG,C>A,0,0,0
TCT,C>A,0.0050677,0.00019534,0.018122
ACA,C>G,0.0061653,0.0002629,0.0078265
ACC,C>G,0.0039647,0.0018554,0.0041433
ACG,C>G,0.0027616,0.00035915,0.0018281
ACT,C>G,0.0050588,0.00078998,0.011457
CCA,C>G,0.0024983,0.0013805,0.0068077
CCC,C>G,0.0053066,0.0032442,0.0052964
CCG,C>G,0.0050261,4.48E-05,0.00023816
CCT,C>G,0.0082117,0.00023965,0.0070195
GCA,C>G,0.0022841,0.00079162,0.0087594
GCC,C>G,0.003128,0.0024686,0.0054732
GCG,C>G,0,0,0
GCT,C>G,0.0055775,0.0037867,0.0050277
TCA,C>G,0.0076203,0.00081119,0.0047585
TCC,C>G,0.010291,0.0015524,0.0015306
TCG,C>G,0.003759,0.00034965,0.00052031
TCT,C>G,0.01464,0.004602,0.0051279
ACA,C>T,0.056449,0.071632,0.027128
ACC,C>T,0.021779,0.046217,0.0063278
ACG,C>T,0.024702,0.011852,0.018506
ACT,C>T,0.028257,0.057355,0.008049
CCA,C>T,0.03099,0.06687,0.016621
CCC,C>T,0.010466,0.057425,0.021544
CCG,C>T,0.021955,0.016809,0.020981
CCT,C>T,0.026816,0.087586,0.0085191
GCA,C>T,0.024631,0.04716,0.030603
GCC,C>T,0.012273,0.0554,0.011125
GCG,C>T,0.011551,0.013707,0.012365
GCT,C>T,0.015544,0.063228,0.0063578
TCA,C>T,0.023481,0.070405,0.023384
TCC,C>T,0.022456,0.069029,0.02109
TCG,C>T,0.016167,0.013478,0.0077971
TCT,C>T,0.036461,0.099359,0.0071438
ATA,T>A,0.0048572,0.0048261,0.022259
ATC,T>A,0.0028462,0.0025728,0.01034
ATG,T>A,0.0069052,0.0065641,0.027868
ATT,T>A,6.32E-05,0.011406,0.029319
CTA,T>A,0.0039796,0.0081246,0.0069958
CTC,T>A,0.0017402,0.0053904,0.020182
CTG,T>A,0.0073437,0.011112,0.032403
CTT,T>A,0.0014463,0.0063789,0.037635
GTA,T>A,0.00028965,0.0023239,0.013689
GTC,T>A,0.0021276,0.0021186,0.0051689
GTG,T>A,0.0076354,0.0013304,0.012177
GTT,T>A,0.0032715,0.002647,0.013153
TTA,T>A,0.00060636,0.0053599,0.024829
TTC,T>A,0.0017241,0.0027074,0.018899
TTG,T>A,0.0026165,0.0071552,0.020845
TTT,T>A,0.0033133,0.0094129,0.033012
ATA,T>C,0.057269,0.0050904,0.0058772
ATC,T>C,0.014587,0.0024222,0.009331
ATG,T>C,0.048058,0.0026039,0.015078
ATT,T>C,0.064959,0.0025322,0.00099715
CTA,T>C,0.015732,0.00076316,0.0035254
CTC,T>C,0.0045074,0.0030211,0.01153
CTG,T>C,0.016162,0.0013109,0.012665
CTT,T>C,0.012107,0.0019089,0.0098837
GTA,T>C,0.017189,0.0030999,0.0051837
GTC,T>C,0.0065082,0.00023989,0.0047514
GTG,T>C,0.030881,0.0019994,0.0089827
GTT,T>C,0.016124,0.0026883,0.0015576
TTA,T>C,0.019365,0.0015241,0.0072957
TTC,T>C,0.0084604,0.0012475,0.011311
TTG,T>C,0.01095,0.00050132,0.012823
TTT,T>C,0.023664,0.00099593,0.01181
ATA,T>G,0.0059448,0.0010201,0.00017739
ATC,T>G,0.0035063,1.36E-05,0.0029019
ATG,T>G,0.0048232,2.64E-05,0.0053126
ATT,T>G,0.0066965,4.19E-06,0.00063349
CTA,T>G,0.0040872,3.30E-05,0.0012726
CTC,T>G,0,0,0
CTG,T>G,0.0070526,0.00043051,0.0043394
CTT,T>G,0.0078275,2.58E-05,0.00047431
GTA,T>G,0,0,0
GTC,T>G,0,0,0
GTG,T>G,0.006217,4.49E-06,0.001779
GTT,T>G,0,0,0
TTA,T>G,0.0061686,0.00036139,0.00088175
TTC,T>G,0.0034498,0.00024799,0.00064786
TTG,T>G,0.0055753,0.00055353,0.0024
TTT,T>G,0.014568,0.00056195,0.0021851